[
  {
    "id": "/subscriptions/b8568eaa-b16f-4291-bfe9-68e89fd01289/resourceGroups/Laboratorio01/providers/Microsoft.Resources/deployments/Microsoft.CognitiveServicesAllInOne-20240302202100/operations/9B4132E172471739",
    "operationId": "9B4132E172471739",
    "properties": {
      "provisioningOperation": "Create",
      "provisioningState": "Succeeded",
      "timestamp": "2024-03-02T23:23:46.4469228Z",
      "duration": "PT5.4300727S",
      "trackingId": "c73eb558-c709-40a5-ad0f-328d7d397537",
      "statusCode": "Created",
      "targetResource": {
        "id": "/subscriptions/b8568eaa-b16f-4291-bfe9-68e89fd01289/resourceGroups/Laboratorio01/providers/Microsoft.CognitiveServices/accounts/ml-detectorinteligente",
        "resourceType": "Microsoft.CognitiveServices/accounts",
        "resourceName": "ml-detectorinteligente"
      }
    }
  },
  {
    "id": "/subscriptions/b8568eaa-b16f-4291-bfe9-68e89fd01289/resourceGroups/Laboratorio01/providers/Microsoft.Resources/deployments/Microsoft.CognitiveServicesAllInOne-20240302202100/operations/08584921850663399372",
    "operationId": "08584921850663399372",
    "properties": {
      "provisioningOperation": "EvaluateDeploymentOutput",
      "provisioningState": "Succeeded",
      "timestamp": "2024-03-02T23:23:46.5457162Z",
      "duration": "PT5.5288661S",
      "trackingId": "1a9418d7-0f6e-4f6f-aad8-fc47428692f5",
      "statusCode": "OK"
    }
  }
]