{
  "id": "/subscriptions/b8568eaa-b16f-4291-bfe9-68e89fd01289/resourceGroups/Laboratorio01/providers/Microsoft.Resources/deployments/Microsoft.CognitiveServicesAllInOne-20240302202100",
  "name": "Microsoft.CognitiveServicesAllInOne-20240302202100",
  "type": "Microsoft.Resources/deployments",
  "properties": {
    "templateHash": "15952153465283343445",
    "parameters": {
      "name": {
        "type": "String",
        "value": "ml-detectorinteligente"
      },
      "location": {
        "type": "String",
        "value": "eastus"
      },
      "resourceGroupName": {
        "type": "String",
        "value": "Laboratorio01"
      },
      "resourceGroupId": {
        "type": "String",
        "value": "/subscriptions/b8568eaa-b16f-4291-bfe9-68e89fd01289/resourceGroups/Laboratorio01"
      },
      "sku": {
        "type": "String",
        "value": "S0"
      },
      "tagValues": {
        "type": "Object",
        "value": {}
      },
      "virtualNetworkType": {
        "type": "String",
        "value": "None"
      },
      "vnet": {
        "type": "Object",
        "value": {}
      },
      "ipRules": {
        "type": "Array",
        "value": []
      },
      "identity": {
        "type": "Object",
        "value": {
          "type": "None"
        }
      },
      "privateEndpoints": {
        "type": "Array",
        "value": []
      },
      "privateDnsZone": {
        "type": "String",
        "value": "privatelink.cognitiveservices.azure.com"
      }
    },
    "mode": "Incremental",
    "debugSetting": {
      "detailLevel": "None"
    },
    "provisioningState": "Succeeded",
    "timestamp": "2024-03-02T23:23:46.5783519Z",
    "duration": "PT6.3766314S",
    "correlationId": "00ef4b2c-4554-4508-9a6c-03fc62be4b03",
    "providers": [
      {
        "namespace": "Microsoft.CognitiveServices",
        "resourceTypes": [
          {
            "resourceType": "accounts",
            "locations": [
              "eastus"
            ]
          }
        ]
      }
    ],
    "dependencies": [],
    "outputResources": [
      {
        "id": "/subscriptions/b8568eaa-b16f-4291-bfe9-68e89fd01289/resourceGroups/Laboratorio01/providers/Microsoft.CognitiveServices/accounts/ml-detectorinteligente"
      }
    ],
    "validationLevel": "Template"
  },
  "tags": {
    "marketplaceItemId": "Microsoft.CognitiveServicesAllInOne"
  }
}